region_code,region_name,year,population
ES111,A Coruña,2022,1083768
ES112,Lugo,2022,1097258
ES113,Ourense,2022,1111160
ES114,Pontevedra,2022,1124817
ES12,Principado de Asturias,2022,1130587
ES120,Asturias,2022,1146183
ES13,Cantabria,2022,1162544
ES130,Cantabria,2022,1170142
ES2,Noreste,2022,1176240
ES21,País Vasco,2022,1178435
ES211,Araba/Álava,2022,1178623
ES212,Gipuzkoa,2022,1177987
ES42,Castilla-La Mancha,2022,302863
ES421,Albacete,2022,298995
ES422,Ciudad Real,2022,294938
ES423,Cuenca,2022,290666
ES424,Guadalajara,2022,287606
ES425,Toledo,2022,283822
ES43,Extremadura,2022,278548
ES431,Badajoz,2022,274982
ES432,Cáceres,2022,270074
ES5,Este,2022,266245
ES51,Cataluña,2022,259112
ES511,Barcelona,2022,252719
ES63,Ciudad de Ceuta,2022,780905
ES630,Ceuta,2022,798263
ES64,Ciudad de Melilla,2022,816222
ES640,Melilla,2022,834151
ES7,Canarias,2022,842981
ES70,Canarias,2022,862361
ES703,El Hierro,2022,883996
ES704,Fuerteventura,2022,895160
ES705,Gran Canaria,2022,906166
ES706,La Gomera,2022,912190
ES707,La Palma,2022,919511
ES708,Lanzarote,2022,925268
ES,Spain,2011,21313
ES1,Noroeste,2011,21177
ES11,Galicia,2011,21156
ES111,A Coruña,2011,21179
ES112,Lugo,2011,21078
ES113,Ourense,2011,21056
ES114,Pontevedra,2011,21017
ES12,Principado de Asturias,2011,20889
ES120,Asturias,2011,20919
ES13,Cantabria,2011,20827
ES130,Cantabria,2011,20751
ES2,Noreste,2011,20668
ES21,País Vasco,2011,20450
ES211,Araba/Álava,2011,20458
ES212,Gipuzkoa,2011,20547
ES213,Bizkaia,2011,20426
ES22,Comunidad Foral de Navarra,2011,20344
ES220,Navarra,2011,20320
ES23,La Rioja,2011,20251
ES230,La Rioja,2011,20118
ES24,Aragón,2011,20159
ES241,Huesca,2011,20437
ES242,Teruel,2011,20483
ES416,Segovia,2011,161842
ES417,Soria,2011,161909
ES418,Valladolid,2011,161948
ES419,Zamora,2011,162433
ES42,Castilla-La Mancha,2011,162841
ES421,Albacete,2011,163271
ES422,Ciudad Real,2011,162962
ES423,Cuenca,2011,162787
ES424,Guadalajara,2011,162471
ES425,Toledo,2011,162245
ES43,Extremadura,2011,162391
ES431,Badajoz,2011,162816
ES432,Cáceres,2011,163125
ES5,Este,2011,163578
ES51,Cataluña,2011,164390
ES511,Barcelona,2011,166024
ES512,Girona,2011,166795
ES513,Lleida,2011,167438
ES514,Tarragona,2011,168035
ES52,Comunitat Valenciana,2011,168822
ES521,Alicante/Alacant,2011,169560
ES522,Castellón/Castelló,2011,170352
ES523,Valencia/València,2011,172190
ES53,Illes Balears,2011,173325
ES617,Málaga,2011,331643
ES618,Sevilla,2011,333828
ES62,Región de Murcia,2011,333959
ES620,Murcia,2011,336102
ES63,Ciudad de Ceuta,2011,338349
ES630,Ceuta,2011,340571
ES64,Ciudad de Melilla,2011,342030
ES640,Melilla,2011,342140
ES7,Canarias,2011,343339
ES70,Canarias,2011,343566
ES703,El Hierro,2011,344668
ES704,Fuerteventura,2011,346137
ES705,Gran Canaria,2011,348105
ES706,La Gomera,2011,350242
ES707,La Palma,2011,353727
ES708,Lanzarote,2011,359244
ES709,Tenerife,2011,362042
ES113,Ourense,1990,186484
ES114,Pontevedra,1990,186553
ES12,Principado de Asturias,1990,186988
ES120,Asturias,1990,186991
ES13,Cantabria,1990,187328
ES130,Cantabria,1990,187783
ES2,Noreste,1990,188882
ES21,País Vasco,1990,189638
ES211,Araba/Álava,1990,190338
ES212,Gipuzkoa,1990,191527
ES213,Bizkaia,1990,192521
ES22,Comunidad Foral de Navarra,1990,194310
ES220,Navarra,1990,195642
ES23,La Rioja,1990,196241
ES230,La Rioja,1990,197260
ES24,Aragón,1990,197945
ES241,Huesca,1990,198841
ES242,Teruel,1990,199772
ES243,Zaragoza,1990,200423
ES3,Comunidad de Madrid,1990,201299
ES30,Comunidad de Madrid,1990,202502
ES300,Madrid,1990,203110
ES4,Centro (ES),1990,204378
ES41,Castilla y León,1990,206414
ES411,Ávila,1990,207736
ES422,Ciudad Real,1990,79484
ES423,Cuenca,1990,79428
ES424,Guadalajara,1990,79357
ES425,Toledo,1990,79374
ES43,Extremadura,1990,79464
ES431,Badajoz,1990,79671
ES432,Cáceres,1990,80262
ES5,Este,1990,80547
ES51,Cataluña,1990,80864
ES511,Barcelona,1990,81422
ES512,Girona,1990,81921
ES513,Lleida,1990,82741
ES514,Tarragona,1990,83134
ES52,Comunitat Valenciana,1990,83259
ES521,Alicante/Alacant,1990,83372
ES522,Castellón/Castelló,1990,83755
ES523,Valencia/València,1990,83862
ES53,Illes Balears,1990,84308
ES531,Eivissa y Formentera,1990,84732
ES532,Mallorca,1990,85378
ES533,Menorca,1990,85868
ES6,Sur,1990,86756
ES61,Andalucía,1990,87576
ES611,Almería,1990,88926
ES612,Cádiz,1990,89594
ES64,Ciudad de Melilla,1990,495368
ES640,Melilla,1990,496608
ES7,Canarias,1990,498631
ES70,Canarias,1990,500794
ES703,El Hierro,1990,502492
ES704,Fuerteventura,1990,505267
ES705,Gran Canaria,1990,508996
ES706,La Gomera,1990,512407
ES707,La Palma,1990,516609
ES708,Lanzarote,1990,521796
ES709,Tenerife,1990,527248
ES,Spain,1991,262576
ES1,Noroeste,1991,259036
ES11,Galicia,1991,255670
ES111,A Coruña,1991,252717
ES112,Lugo,1991,249467
ES113,Ourense,1991,246494
ES114,Pontevedra,1991,243580
ES12,Principado de Asturias,1991,240808
ES120,Asturias,1991,238173
ES13,Cantabria,1991,235477
ES130,Cantabria,1991,233767
ES2,Noreste,1991,227354
ES21,País Vasco,1991,223275
ES211,Araba/Álava,1991,219109
ES212,Gipuzkoa,1991,214998
ES213,Bizkaia,1991,210812
ES22,Comunidad Foral de Navarra,1991,206652
ES220,Navarra,1991,202270
ES23,La Rioja,1991,197841
ES230,La Rioja,1991,194978
ES24,Aragón,1991,192314
ES241,Huesca,1991,189623
ES242,Teruel,1991,187830
ES243,Zaragoza,1991,183374
ES3,Comunidad de Madrid,1991,176695
ES30,Comunidad de Madrid,1991,173568
ES300,Madrid,1991,167268
ES4,Centro (ES),1991,167654
ES41,Castilla y León,1991,169236
ES415,Salamanca,1991,164971
ES416,Segovia,1991,164001
ES417,Soria,1991,149093
ES418,Valladolid,1991,146056
ES419,Zamora,1991,143164
ES42,Castilla-La Mancha,1991,140433
ES421,Albacete,1991,137714
ES422,Ciudad Real,1991,135080
ES423,Cuenca,1991,132438
ES424,Guadalajara,1991,130097
ES425,Toledo,1991,127825
ES43,Extremadura,1991,125369
ES431,Badajoz,1991,123600
ES432,Cáceres,1991,120971
ES5,Este,1991,118781
ES51,Cataluña,1991,116478
ES511,Barcelona,1991,114176
ES512,Girona,1991,111865
ES513,Lleida,1991,109460
ES514,Tarragona,1991,107049
ES52,Comunitat Valenciana,1991,104634
ES521,Alicante/Alacant,1991,103632
ES522,Castellón/Castelló,1991,102029
ES523,Valencia/València,1991,101107
ES53,Illes Balears,1991,100696
ES531,Eivissa y Formentera,1991,169569
ES532,Mallorca,1991,166810
ES533,Menorca,1991,163977
ES6,Sur,1991,160946
ES61,Andalucía,1991,160027
ES611,Almería,1991,159939
ES616,Jaén,1991,152392
ES617,Málaga,1991,151827
ES618,Sevilla,1991,139290
ES62,Región de Murcia,1991,136677
ES620,Murcia,1991,134281
ES63,Ciudad de Ceuta,1991,132052
ES630,Ceuta,1991,129800
ES64,Ciudad de Melilla,1991,127604
ES640,Melilla,1991,125453
ES7,Canarias,1991,123477
ES70,Canarias,1991,121583
ES703,El Hierro,1991,119594
ES704,Fuerteventura,1991,118433
ES705,Gran Canaria,1991,115037
ES706,La Gomera,1991,112979
ES707,La Palma,1991,110812
ES708,Lanzarote,1991,108586
ES709,Tenerife,1991,106512
ES,Spain,2008,863764
ES1,Noroeste,2008,869878
ES11,Galicia,2008,878601
ES111,A Coruña,2008,890194
ES112,Lugo,2008,902429
ES113,Ourense,2008,914476
ES114,Pontevedra,2008,929764
ES12,Principado de Asturias,2008,949084
ES120,Asturias,2008,966365
ES13,Cantabria,2008,572655
ES130,Cantabria,2008,587141
ES2,Noreste,2008,603069
ES21,País Vasco,2008,619231
ES211,Araba/Álava,2008,632944
ES212,Gipuzkoa,2008,645399
ES213,Bizkaia,2008,656333
ES22,Comunidad Foral de Navarra,2008,666313
ES220,Navarra,2008,675215
ES23,La Rioja,2008,682862
ES230,La Rioja,2008,690497
ES24,Aragón,2008,697549
ES241,Huesca,2008,705539
ES242,Teruel,2008,713720
ES243,Zaragoza,2008,722893
ES3,Comunidad de Madrid,2008,733067
ES30,Comunidad de Madrid,2008,744013
ES300,Madrid,2008,757916
ES4,Centro (ES),2008,776333
ES41,Castilla y León,2008,796930
ES411,Ávila,2008,819140
ES412,Burgos,2008,839751
ES413,León,2008,862011
ES414,Palencia,2008,862854
ES415,Salamanca,2008,860032
ES416,Segovia,2008,860846
ES417,Soria,2008,863764
ES418,Valladolid,2008,869878
ES419,Zamora,2008,878601
ES42,Castilla-La Mancha,2008,890194
ES421,Albacete,2008,902429
ES422,Ciudad Real,2008,914476
ES423,Cuenca,2008,929764
ES424,Guadalajara,2008,949084
ES425,Toledo,2008,966365
ES43,Extremadura,2008,572655
ES431,Badajoz,2008,587141
ES432,Cáceres,2008,603069
ES5,Este,2008,619231
ES51,Cataluña,2008,632944
ES511,Barcelona,2008,645399
ES512,Girona,2008,656333
ES513,Lleida,2008,666313
ES514,Tarragona,2008,675215
ES52,Comunitat Valenciana,2008,682862
ES521,Alicante/Alacant,2008,690497
ES522,Castellón/Castelló,2008,697549
ES523,Valencia/València,2008,705539
ES53,Illes Balears,2008,713720
ES531,Eivissa y Formentera,2008,722893
ES532,Mallorca,2008,733067
ES533,Menorca,2008,744013
ES6,Sur,2008,757916
ES61,Andalucía,2008,776333
ES611,Almería,2008,796930
ES612,Cádiz,2008,819140
ES613,Córdoba,2008,839751
ES614,Granada,2008,862011
ES615,Huelva,2008,862854
ES616,Jaén,2008,860032
ES617,Málaga,2008,860846
ES618,Sevilla,2008,863764
ES62,Región de Murcia,2008,869878
ES620,Murcia,2008,878601
ES63,Ciudad de Ceuta,2008,890194
ES630,Ceuta,2008,902429
ES64,Ciudad de Melilla,2008,914476
ES640,Melilla,2008,929764
ES7,Canarias,2008,949084
ES70,Canarias,2008,966365
ES703,El Hierro,2008,572655
ES704,Fuerteventura,2008,587141
ES705,Gran Canaria,2008,603069
ES706,La Gomera,2008,619231
ES707,La Palma,2008,632944
ES708,Lanzarote,2008,645399
ES709,Tenerife,2008,656333
ES,Spain,1993,1450381
ES1,Noroeste,1993,1464301
ES11,Galicia,1993,1456039
ES111,A Coruña,1993,1471508
ES112,Lugo,1993,1484226
ES113,Ourense,1993,1488202
ES114,Pontevedra,1993,1487708
ES12,Principado de Asturias,1993,1490516
ES120,Asturias,1993,1488719
ES230,La Rioja,1993,58721
ES24,Aragón,1993,58908
ES241,Huesca,1993,59310
ES242,Teruel,1993,59820
ES243,Zaragoza,1993,59988
ES3,Comunidad de Madrid,1993,60108
ES30,Comunidad de Madrid,1993,60226
ES300,Madrid,1993,60394
ES4,Centro (ES),1993,60674
ES41,Castilla y León,1993,60711
ES411,Ávila,1993,60877
ES412,Burgos,1993,59326
ES413,León,1993,59543
ES414,Palencia,1993,59935
ES415,Salamanca,1993,60464
ES416,Segovia,1993,60889
ES417,Soria,1993,61844
ES418,Valladolid,1993,62672
ES419,Zamora,1993,63080
ES42,Castilla-La Mancha,1993,63324
ES421,Albacete,1993,63551
ES422,Ciudad Real,1993,63591
ES423,Cuenca,1993,63508
ES424,Guadalajara,1993,63641
ES425,Toledo,1993,64453
ES521,Alicante/Alacant,1993,107945
ES522,Castellón/Castelló,1993,108268
ES523,Valencia/València,1993,109023
ES53,Illes Balears,1993,109590
ES531,Eivissa y Formentera,1993,109611
ES532,Mallorca,1993,109367
ES533,Menorca,1993,109227
ES6,Sur,1993,108789
ES61,Andalucía,1993,108773
ES611,Almería,1993,108182
ES612,Cádiz,1993,107903
ES613,Córdoba,1993,105950
ES614,Granada,1993,106342
ES615,Huelva,1993,106515
ES616,Jaén,1993,106965
ES617,Málaga,1993,107465
ES618,Sevilla,1993,108485
ES62,Región de Murcia,1993,109422
ES620,Murcia,1993,110338
ES63,Ciudad de Ceuta,1993,111210
ES630,Ceuta,1993,111516
ES64,Ciudad de Melilla,1993,111654
ES640,Melilla,1993,112116
ES7,Canarias,1993,112296
ES70,Canarias,1993,113018
ES,Spain,1994,39596
ES1,Noroeste,1994,39700
ES21,País Vasco,1994,100750
ES211,Araba/Álava,1994,100778
ES212,Gipuzkoa,1994,101912
ES213,Bizkaia,1994,102198
ES22,Comunidad Foral de Navarra,1994,102449
ES220,Navarra,1994,102578
ES23,La Rioja,1994,103197
ES230,La Rioja,1994,103753
ES24,Aragón,1994,104650
ES241,Huesca,1994,104980
ES242,Teruel,1994,105554
ES243,Zaragoza,1994,103552
ES3,Comunidad de Madrid,1994,104312
ES30,Comunidad de Madrid,1994,105412
ES300,Madrid,1994,105624
ES4,Centro (ES),1994,106423
ES41,Castilla y León,1994,108336
ES411,Ávila,1994,110238
ES412,Burgos,1994,110998
ES413,León,1994,111962
ES414,Palencia,1994,112528
ES415,Salamanca,1994,112385
ES416,Segovia,1994,113292
ES417,Soria,1994,113911
ES418,Valladolid,1994,115314
ES5,Este,1994,109771
ES51,Cataluña,1994,110477
ES511,Barcelona,1994,111257
ES512,Girona,1994,111784
ES513,Lleida,1994,111892
ES514,Tarragona,1994,112506
ES52,Comunitat Valenciana,1994,113422
ES521,Alicante/Alacant,1994,113627
ES522,Castellón/Castelló,1994,114130
ES523,Valencia/València,1994,114071
ES53,Illes Balears,1994,114044
ES531,Eivissa y Formentera,1994,114972
ES532,Mallorca,1994,116640
ES533,Menorca,1994,118358
ES6,Sur,1994,119808
ES61,Andalucía,1994,121519
ES611,Almería,1994,124171
ES612,Cádiz,1994,125403
ES613,Córdoba,1994,126526
ES614,Granada,1994,127748
ES615,Huelva,1994,128497
ES616,Jaén,1994,128223
ES617,Málaga,1994,129122
ES618,Sevilla,1994,131060
ES62,Región de Murcia,1994,131712
ES706,La Gomera,1994,486628
ES707,La Palma,1994,488400
ES708,Lanzarote,1994,491307
ES709,Tenerife,1994,493397
ES113,Ourense,1995,154086
ES114,Pontevedra,1995,151740
ES12,Principado de Asturias,1995,148606
ES120,Asturias,1995,145715
ES13,Cantabria,1995,143411
ES130,Cantabria,1995,141454
ES2,Noreste,1995,139326
ES21,País Vasco,1995,137209
ES211,Araba/Álava,1995,134958
ES212,Gipuzkoa,1995,132837
ES213,Bizkaia,1995,131115
ES22,Comunidad Foral de Navarra,1995,125274
ES220,Navarra,1995,123731
ES23,La Rioja,1995,122484
ES230,La Rioja,1995,121326
ES24,Aragón,1995,120829
ES241,Huesca,1995,121014
ES242,Teruel,1995,120878
ES243,Zaragoza,1995,120349
ES3,Comunidad de Madrid,1995,119552
ES30,Comunidad de Madrid,1995,118947
ES300,Madrid,1995,118250
ES4,Centro (ES),1995,117336
ES41,Castilla y León,1995,117822
ES411,Ávila,1995,117797
ES422,Ciudad Real,1995,663065
ES423,Cuenca,1995,660225
ES424,Guadalajara,1995,659651
ES425,Toledo,1995,662098
ES43,Extremadura,1995,663129
ES431,Badajoz,1995,663213
ES432,Cáceres,1995,663467
ES5,Este,1995,663979
ES51,Cataluña,1995,663082
ES511,Barcelona,1995,661866
ES512,Girona,1995,661716
ES513,Lleida,1995,651467
ES514,Tarragona,1995,652182
ES52,Comunitat Valenciana,1995,654774
ES521,Alicante/Alacant,1995,657391
ES522,Castellón/Castelló,1995,661888
ES523,Valencia/València,1995,671489
ES53,Illes Balears,1995,678753
ES531,Eivissa y Formentera,1995,681032
ES532,Mallorca,1995,682986
ES533,Menorca,1995,681202
ES6,Sur,1995,680130
ES61,Andalucía,1995,676463
ES611,Almería,1995,695758
ES612,Cádiz,1995,702655
ES64,Ciudad de Melilla,1995,663065
ES640,Melilla,1995,660225
ES7,Canarias,1995,659651
ES70,Canarias,1995,662098
ES703,El Hierro,1995,663129
ES704,Fuerteventura,1995,663213
ES705,Gran Canaria,1995,663467
ES706,La Gomera,1995,663979
ES707,La Palma,1995,663082
ES708,Lanzarote,1995,661866
ES709,Tenerife,1995,661716
ES,Spain,1996,212761
ES1,Noroeste,1996,213963
ES11,Galicia,1996,214786
ES111,A Coruña,1996,215273
ES112,Lugo,1996,215548
ES113,Ourense,1996,215406
ES114,Pontevedra,1996,215142
ES12,Principado de Asturias,1996,214379
ES120,Asturias,1996,213634
ES13,Cantabria,1996,209898
ES130,Cantabria,1996,209745
ES2,Noreste,1996,209671
ES21,País Vasco,1996,209955
ES211,Araba/Álava,1996,211093
ES212,Gipuzkoa,1996,213976
ES213,Bizkaia,1996,215082
ES22,Comunidad Foral de Navarra,1996,216012
ES220,Navarra,1996,216886
ES23,La Rioja,1996,217089
ES230,La Rioja,1996,218072
ES24,Aragón,1996,218839
ES241,Huesca,1996,219641
ES242,Teruel,1996,220743
ES415,Salamanca,1996,162891
ES416,Segovia,1996,162663
ES417,Soria,1996,162290
ES418,Valladolid,1996,161871
ES419,Zamora,1996,161259
ES42,Castilla-La Mancha,1996,160469
ES421,Albacete,1996,159840
ES422,Ciudad Real,1996,158658
ES423,Cuenca,1996,157867
ES424,Guadalajara,1996,156398
ES425,Toledo,1996,155164
ES43,Extremadura,1996,150942
ES431,Badajoz,1996,149513
ES432,Cáceres,1996,148532
ES5,Este,1996,147755
ES51,Cataluña,1996,147813
ES511,Barcelona,1996,148281
ES512,Girona,1996,148265
ES513,Lleida,1996,148296
ES514,Tarragona,1996,148559
ES52,Comunitat Valenciana,1996,148549
ES521,Alicante/Alacant,1996,148580
ES522,Castellón/Castelló,1996,148963
ES523,Valencia/València,1996,150717
ES53,Illes Balears,1996,150535
ES616,Jaén,1996,292466
ES617,Málaga,1996,292979
ES618,Sevilla,1996,293091
ES62,Región de Murcia,1996,292908
ES620,Murcia,1996,292358
ES63,Ciudad de Ceuta,1996,291620
ES630,Ceuta,1996,290643
ES64,Ciudad de Melilla,1996,289984
ES640,Melilla,1996,288623
ES7,Canarias,1996,286663
ES70,Canarias,1996,284551
ES703,El Hierro,1996,278227
ES704,Fuerteventura,1996,276383
ES705,Gran Canaria,1996,275330
ES706,La Gomera,1996,274519
ES707,La Palma,1996,274554
ES708,Lanzarote,1996,277055
ES709,Tenerife,1996,277300
ES,Spain,1997,256004
ES1,Noroeste,1997,255158
ES11,Galicia,1997,248229
ES111,A Coruña,1997,248161
ES112,Lugo,1997,247827
ES113,Ourense,1997,248233
ES114,Pontevedra,1997,249310
ES12,Principado de Asturias,1997,252527
ES120,Asturias,1997,252651
ES13,Cantabria,1997,253106
ES130,Cantabria,1997,254322
ES2,Noreste,1997,255555
ES21,País Vasco,1997,256458
ES211,Araba/Álava,1997,258306
ES212,Gipuzkoa,1997,261239
ES213,Bizkaia,1997,262149
ES300,Madrid,1997,286398
ES4,Centro (ES),1997,288170
ES41,Castilla y León,1997,289518
ES411,Ávila,1997,290055
ES412,Burgos,1997,290308
ES413,León,1997,290614
ES414,Palencia,1997,289836
ES415,Salamanca,1997,288405
ES416,Segovia,1997,286801
ES417,Soria,1997,284890
ES418,Valladolid,1997,282636
ES419,Zamora,1997,273517
ES42,Castilla-La Mancha,1997,272287
ES421,Albacete,1997,271332
ES422,Ciudad Real,1997,270290
ES423,Cuenca,1997,270618
ES424,Guadalajara,1997,273452
ES425,Toledo,1997,273139
ES43,Extremadura,1997,272968
ES431,Badajoz,1997,272471
ES432,Cáceres,1997,272057
ES5,Este,1997,271699
ES51,Cataluña,1997,271621
ES511,Barcelona,1997,273634
ES512,Girona,1997,273963
ES6,Sur,1997,275712
ES61,Andalucía,1997,275474
ES611,Almería,1997,276525
ES612,Cádiz,1997,278086
ES613,Córdoba,1997,278770
ES614,Granada,1997,279397
ES615,Huelva,1997,279092
ES616,Jaén,1997,278658
ES617,Málaga,1997,278345
ES618,Sevilla,1997,277635
ES62,Región de Murcia,1997,277214
ES620,Murcia,1997,278518
ES63,Ciudad de Ceuta,1997,277816
ES630,Ceuta,1997,277997
ES64,Ciudad de Melilla,1997,278440
ES640,Melilla,1997,279497
ES7,Canarias,1997,282729
ES70,Canarias,1997,283304
ES703,El Hierro,1997,283344
ES704,Fuerteventura,1997,283455
ES705,Gran Canaria,1997,283271
ES706,La Gomera,1997,283275
ES707,La Palma,1997,283429
ES708,Lanzarote,1997,283037
ES709,Tenerife,1997,283607
ES,Spain,1998,40125
ES1,Noroeste,1998,40416
ES11,Galicia,1998,40632
ES111,A Coruña,1998,40403
ES112,Lugo,1998,40231
ES113,Ourense,1998,40176
ES114,Pontevedra,1998,40054
ES12,Principado de Asturias,1998,39324
ES120,Asturias,1998,39576
ES230,La Rioja,1998,49851
ES24,Aragón,1998,49776
ES241,Huesca,1998,49956
ES242,Teruel,1998,50156
ES243,Zaragoza,1998,50247
ES3,Comunidad de Madrid,1998,50347
ES30,Comunidad de Madrid,1998,50501
ES300,Madrid,1998,50648
ES4,Centro (ES),1998,50673
ES41,Castilla y León,1998,49930
ES411,Ávila,1998,49811
ES412,Burgos,1998,49542
ES413,León,1998,49712
ES414,Palencia,1998,49764
ES415,Salamanca,1998,49740
ES416,Segovia,1998,49855
ES417,Soria,1998,50284
ES418,Valladolid,1998,50551
ES419,Zamora,1998,50931
ES42,Castilla-La Mancha,1998,50378
ES421,Albacete,1998,50561
ES422,Ciudad Real,1998,50741
ES423,Cuenca,1998,50565
ES424,Guadalajara,1998,49881
ES425,Toledo,1998,49874
ES521,Alicante/Alacant,1998,80361
ES522,Castellón/Castelló,1998,80361
ES523,Valencia/València,1998,80625
ES53,Illes Balears,1998,81111
ES531,Eivissa y Formentera,1998,81100
ES532,Mallorca,1998,81250
ES533,Menorca,1998,81545
ES6,Sur,1998,82212
ES61,Andalucía,1998,82290
ES611,Almería,1998,82040
ES612,Cádiz,1998,81784
ES613,Córdoba,1998,79217
ES614,Granada,1998,79526
ES615,Huelva,1998,79727
ES616,Jaén,1998,80296
ES617,Málaga,1998,81010
ES618,Sevilla,1998,82102
ES62,Región de Murcia,1998,82595
ES620,Murcia,1998,83081
ES63,Ciudad de Ceuta,1998,83330
ES630,Ceuta,1998,83542
ES64,Ciudad de Melilla,1998,83459
ES640,Melilla,1998,83850
ES7,Canarias,1998,85378
ES70,Canarias,1998,86403
ES,Spain,1999,133104
ES1,Noroeste,1999,133514
ES21,País Vasco,1999,177703
ES211,Araba/Álava,1999,179848
ES212,Gipuzkoa,1999,181661
ES213,Bizkaia,1999,183804
ES22,Comunidad Foral de Navarra,1999,184896
ES220,Navarra,1999,185958
ES23,La Rioja,1999,186471
ES230,La Rioja,1999,186911
ES24,Aragón,1999,187094
ES241,Huesca,1999,186984
ES242,Teruel,1999,186629
ES243,Zaragoza,1999,186939
ES3,Comunidad de Madrid,1999,187296
ES30,Comunidad de Madrid,1999,187905
ES300,Madrid,1999,189043
ES4,Centro (ES),1999,190703
ES41,Castilla y León,1999,192999
ES411,Ávila,1999,195063
ES412,Burgos,1999,196074
ES413,León,1999,197264
ES414,Palencia,1999,198019
ES415,Salamanca,1999,199152
ES416,Segovia,1999,200819
ES417,Soria,1999,204237
ES418,Valladolid,1999,205445
ES5,Este,1999,163974
ES51,Cataluña,1999,164280
ES511,Barcelona,1999,165026
ES512,Girona,1999,165678
ES513,Lleida,1999,166342
ES514,Tarragona,1999,166610
ES52,Comunitat Valenciana,1999,166956
ES521,Alicante/Alacant,1999,166783
ES522,Castellón/Castelló,1999,166727
ES523,Valencia/València,1999,166270
ES53,Illes Balears,1999,165771
ES531,Eivissa y Formentera,1999,163526
ES532,Mallorca,1999,163029
ES533,Menorca,1999,162237
ES6,Sur,1999,161923
ES61,Andalucía,1999,162203
ES611,Almería,1999,163960
ES612,Cádiz,1999,164926
ES613,Córdoba,1999,165462
ES614,Granada,1999,165507
ES615,Huelva,1999,165951
ES616,Jaén,1999,167147
ES617,Málaga,1999,167560
ES618,Sevilla,1999,168886
ES62,Región de Murcia,1999,170048
ES706,La Gomera,1999,201400
ES707,La Palma,1999,202247
ES708,Lanzarote,1999,203386
ES709,Tenerife,1999,204498
ES,Spain,1992,484346
ES1,Noroeste,1992,484862
ES11,Galicia,1992,484969
ES111,A Coruña,1992,485190
ES112,Lugo,1992,485672
ES113,Ourense,1992,486709
ES114,Pontevedra,1992,488578
ES12,Principado de Asturias,1992,491474
ES120,Asturias,1992,494049
ES13,Cantabria,1992,496243
ES130,Cantabria,1992,498481
ES2,Noreste,1992,498506
ES21,País Vasco,1992,499419
ES211,Araba/Álava,1992,501782
ES212,Gipuzkoa,1992,505026
ES213,Bizkaia,1992,505817
ES415,Salamanca,1992,709201
ES416,Segovia,1992,712249
ES417,Soria,1992,715321
ES418,Valladolid,1992,715415
ES419,Zamora,1992,715687
ES42,Castilla-La Mancha,1992,716152
ES421,Albacete,1992,715747
ES422,Ciudad Real,1992,715800
ES423,Cuenca,1992,717150
ES424,Guadalajara,1992,720296
ES425,Toledo,1992,723175
ES43,Extremadura,1992,724520
ES431,Badajoz,1992,724867
ES432,Cáceres,1992,724599
ES5,Este,1992,724215
ES51,Cataluña,1992,726580
ES511,Barcelona,1992,732387
ES512,Girona,1992,732589
ES616,Jaén,1992,1227428
ES617,Málaga,1992,1237041
ES618,Sevilla,1992,1247732
ES62,Región de Murcia,1992,1253998
ES620,Murcia,1992,1260993
ES63,Ciudad de Ceuta,1992,1266682
ES630,Ceuta,1992,1272510
ES64,Ciudad de Melilla,1992,1277538
ES640,Melilla,1992,1282750
ES7,Canarias,1992,1293309
ES70,Canarias,1992,1304253
ES703,El Hierro,1992,1313596
ES704,Fuerteventura,1992,1320678
ES705,Gran Canaria,1992,1326340
ES706,La Gomera,1992,1332048
ES707,La Palma,1992,1341857
ES708,Lanzarote,1992,1358879
ES709,Tenerife,1992,1365688
ES,Spain,2001,320180
ES1,Noroeste,2001,319173
ES11,Galicia,2001,318384
ES111,A Coruña,2001,317933
ES112,Lugo,2001,317595
ES113,Ourense,2001,317034
ES114,Pontevedra,2001,316409
ES12,Principado de Asturias,2001,316121
ES120,Asturias,2001,315837
ES13,Cantabria,2001,315165
ES130,Cantabria,2001,313940
ES2,Noreste,2001,311511
ES21,País Vasco,2001,309389
ES211,Araba/Álava,2001,307412
ES212,Gipuzkoa,2001,305183
ES213,Bizkaia,2001,303224
ES22,Comunidad Foral de Navarra,2001,301145
ES220,Navarra,2001,298996
ES23,La Rioja,2001,296945
ES230,La Rioja,2001,295119
ES24,Aragón,2001,305414
ES241,Huesca,2001,303526
ES242,Teruel,2001,302183
ES3,Comunidad de Madrid,2001,175260
ES30,Comunidad de Madrid,2001,174697
ES300,Madrid,2001,173961
ES4,Centro (ES),2001,173169
ES41,Castilla y León,2001,172315
ES411,Ávila,2001,171522
ES412,Burgos,2001,170503
ES413,León,2001,169563
ES414,Palencia,2001,168473
ES415,Salamanca,2001,167340
ES416,Segovia,2001,166467
ES417,Soria,2001,167285
ES418,Valladolid,2001,165848
ES419,Zamora,2001,164628
ES42,Castilla-La Mancha,2001,163563
ES421,Albacete,2001,162606
ES422,Ciudad Real,2001,162203
ES423,Cuenca,2001,161893
ES424,Guadalajara,2001,161832
ES425,Toledo,2001,161622
ES43,Extremadura,2001,161469
ES431,Badajoz,2001,161034
ES432,Cáceres,2001,159982
ES5,Este,2001,159003
ES51,Cataluña,2001,158177
ES511,Barcelona,2001,157174
ES512,Girona,2001,156587
ES513,Lleida,2001,156037
ES514,Tarragona,2001,155576
ES52,Comunitat Valenciana,2001,155200
ES521,Alicante/Alacant,2001,154318
ES522,Castellón/Castelló,2001,149474
ES523,Valencia/València,2001,149974
ES53,Illes Balears,2001,151353
ES532,Mallorca,2001,552070
ES533,Menorca,2001,553910
ES6,Sur,2001,553594
ES61,Andalucía,2001,553172
ES611,Almería,2001,552208
ES612,Cádiz,2001,551316
ES613,Córdoba,2001,550474
ES614,Granada,2001,551830
ES615,Huelva,2001,553155
ES616,Jaén,2001,553882
ES617,Málaga,2001,556263
ES618,Sevilla,2001,562848
ES62,Región de Murcia,2001,559105
ES620,Murcia,2001,556835
ES63,Ciudad de Ceuta,2001,555282
ES630,Ceuta,2001,554659
ES64,Ciudad de Melilla,2001,555149
ES640,Melilla,2001,555577
ES7,Canarias,2001,557291
ES70,Canarias,2001,559655
ES703,El Hierro,2001,561693
ES704,Fuerteventura,2001,561670
ES705,Gran Canaria,2001,560093
ES706,La Gomera,2001,559214
ES707,La Palma,2001,557753
ES708,Lanzarote,2001,555830
ES709,Tenerife,2001,555761
ES,Spain,2002,5465835
ES1,Noroeste,2002,5488633
ES11,Galicia,2002,5505667
ES111,A Coruña,2002,5518280
ES112,Lugo,2002,5500080
ES113,Ourense,2002,5459762
ES114,Pontevedra,2002,5453143
ES12,Principado de Asturias,2002,5472926
ES120,Asturias,2002,5507412
ES13,Cantabria,2002,5556273
ES130,Cantabria,2002,5622704
ES2,Noreste,2002,5690371
ES21,País Vasco,2002,5702262
ES211,Araba/Álava,2002,5699634
ES212,Gipuzkoa,2002,5797356
ES213,Bizkaia,2002,5877672
ES22,Comunidad Foral de Navarra,2002,505207
ES220,Navarra,2002,509055
ES23,La Rioja,2002,514118
ES230,La Rioja,2002,519562
ES24,Aragón,2002,524841
ES241,Huesca,2002,530001
ES242,Teruel,2002,534799
ES243,Zaragoza,2002,539838
ES3,Comunidad de Madrid,2002,544948
ES30,Comunidad de Madrid,2002,550090
ES300,Madrid,2002,555090
ES4,Centro (ES),2002,560709
ES41,Castilla y León,2002,568690
ES411,Ávila,2002,593084
ES412,Burgos,2002,618292
ES413,León,2002,645158
ES414,Palencia,2002,668910
ES415,Salamanca,2002,694216
ES416,Segovia,2002,719745
ES417,Soria,2002,735862
ES418,Valladolid,2002,741848
ES419,Zamora,2002,747041
ES42,Castilla-La Mancha,2002,751596
ES421,Albacete,2002,750022
ES422,Ciudad Real,2002,745189
ES423,Cuenca,2002,743431
ES424,Guadalajara,2002,745797
ES425,Toledo,2002,750468
ES43,Extremadura,2002,756522
ES431,Badajoz,2002,765476
ES432,Cáceres,2002,776698
ES5,Este,2002,784941
ES51,Cataluña,2002,790435
ES511,Barcelona,2002,808672
ES512,Girona,2002,821108
ES513,Lleida,2002,354142
ES514,Tarragona,2002,353595
ES52,Comunitat Valenciana,2002,354161
ES521,Alicante/Alacant,2002,355225
ES522,Castellón/Castelló,2002,356210
ES523,Valencia/València,2002,356854
ES53,Illes Balears,2002,357448
ES531,Eivissa y Formentera,2002,358127
ES532,Mallorca,2002,358745
ES533,Menorca,2002,359318
ES6,Sur,2002,360040
ES61,Andalucía,2002,361078
ES611,Almería,2002,363182
ES612,Cádiz,2002,371137
ES613,Córdoba,2002,380552
ES614,Granada,2002,392915
ES615,Huelva,2002,401661
ES616,Jaén,2002,411142
ES617,Málaga,2002,423482
ES618,Sevilla,2002,431413
ES62,Región de Murcia,2002,434183
ES620,Murcia,2002,436695
ES63,Ciudad de Ceuta,2002,438215
ES630,Ceuta,2002,435838
ES64,Ciudad de Melilla,2002,432397
ES640,Melilla,2002,431044
ES7,Canarias,2002,429806
ES70,Canarias,2002,429821
ES703,El Hierro,2002,430650
ES704,Fuerteventura,2002,432917
ES705,Gran Canaria,2002,437508
ES706,La Gomera,2002,439258
ES707,La Palma,2002,440884
ES708,Lanzarote,2002,447343
ES709,Tenerife,2002,451707
ES,Spain,2003,340544
ES1,Noroeste,2003,338291
ES11,Galicia,2003,337504
ES111,A Coruña,2003,335707
ES112,Lugo,2003,334156
ES113,Ourense,2003,333385
ES114,Pontevedra,2003,333896
ES12,Principado de Asturias,2003,332690
ES120,Asturias,2003,331845
ES13,Cantabria,2003,1096427
ES130,Cantabria,2003,1099304
ES2,Noreste,2003,1102326
ES21,País Vasco,2003,1105411
ES211,Araba/Álava,2003,1107794
ES212,Gipuzkoa,2003,1111540
ES213,Bizkaia,2003,1113796
ES22,Comunidad Foral de Navarra,2003,1114719
ES220,Navarra,2003,1115914
ES23,La Rioja,2003,1117253
ES230,La Rioja,2003,1121512
ES24,Aragón,2003,1126695
ES241,Huesca,2003,1131455
ES242,Teruel,2003,1135982
ES243,Zaragoza,2003,1140478
ES3,Comunidad de Madrid,2003,1145744
ES30,Comunidad de Madrid,2003,1150624
ES300,Madrid,2003,1158671
ES4,Centro (ES),2003,1163931
ES41,Castilla y León,2003,1168208
ES411,Ávila,2003,1171763
ES412,Burgos,2003,1173440
ES413,León,2003,1175684
ES414,Palencia,2003,1177096
ES415,Salamanca,2003,1178072
ES416,Segovia,2003,1179735
ES417,Soria,2003,1180397
ES418,Valladolid,2003,1178536
ES419,Zamora,2003,1179070
ES42,Castilla-La Mancha,2003,1179804
ES421,Albacete,2003,1178728
ES422,Ciudad Real,2003,1179601
ES423,Cuenca,2003,1181069
ES424,Guadalajara,2003,1180267
ES425,Toledo,2003,1179512
ES43,Extremadura,2003,484264
ES431,Badajoz,2003,486507
ES432,Cáceres,2003,488956
ES5,Este,2003,491109
ES51,Cataluña,2003,492812
ES511,Barcelona,2003,495063
ES512,Girona,2003,496848
ES513,Lleida,2003,497719
ES514,Tarragona,2003,498613
ES52,Comunitat Valenciana,2003,499223
ES521,Alicante/Alacant,2003,501423
ES522,Castellón/Castelló,2003,503929
ES523,Valencia/València,2003,506241
ES53,Illes Balears,2003,508532
ES531,Eivissa y Formentera,2003,510794
ES532,Mallorca,2003,513571
ES533,Menorca,2003,516157
ES6,Sur,2003,520133
ES61,Andalucía,2003,522685
ES611,Almería,2003,525276
ES612,Cádiz,2003,527770
ES613,Córdoba,2003,529103
ES614,Granada,2003,531062
ES615,Huelva,2003,533320
ES616,Jaén,2003,534710
ES617,Málaga,2003,536959
ES618,Sevilla,2003,538549
ES62,Región de Murcia,2003,539067
ES620,Murcia,2003,541454
ES63,Ciudad de Ceuta,2003,543974
ES630,Ceuta,2003,545209
ES64,Ciudad de Melilla,2003,547096
ES640,Melilla,2003,548662
ES7,Canarias,2003,549462
ES70,Canarias,2003,550255
ES703,El Hierro,2003,248707
ES704,Fuerteventura,2003,249430
ES705,Gran Canaria,2003,249821
ES706,La Gomera,2003,250215
ES707,La Palma,2003,250294
ES708,Lanzarote,2003,250509
ES709,Tenerife,2003,250869
ES,Spain,2004,351023
ES1,Noroeste,2004,350672
ES11,Galicia,2004,527186
ES111,A Coruña,2004,530632
ES112,Lugo,2004,533431
ES113,Ourense,2004,535893
ES114,Pontevedra,2004,538260
ES12,Principado de Asturias,2004,540779
ES120,Asturias,2004,543835
ES13,Cantabria,2004,547041
ES130,Cantabria,2004,552641
ES2,Noreste,2004,556419
ES21,País Vasco,2004,561742
ES211,Araba/Álava,2004,567617
ES212,Gipuzkoa,2004,573817
ES213,Bizkaia,2004,579877
ES22,Comunidad Foral de Navarra,2004,586082
ES220,Navarra,2004,592640
ES23,La Rioja,2004,598915
ES230,La Rioja,2004,605410
ES24,Aragón,2004,611714
ES241,Huesca,2004,616607
ES242,Teruel,2004,622323
ES243,Zaragoza,2004,625682
ES3,Comunidad de Madrid,2004,628733
ES30,Comunidad de Madrid,2004,633417
ES300,Madrid,2004,637089
ES4,Centro (ES),2004,639938
ES41,Castilla y León,2004,642191
ES411,Ávila,2004,644303
ES412,Burgos,2004,646932
ES413,León,2004,651358
ES414,Palencia,2004,655709
ES415,Salamanca,2004,661404
ES416,Segovia,2004,668160
ES417,Soria,2004,672443
ES418,Valladolid,2004,677189
ES419,Zamora,2004,346027
ES42,Castilla-La Mancha,2004,345801
ES421,Albacete,2004,345831
ES422,Ciudad Real,2004,345534
ES423,Cuenca,2004,345181
ES424,Guadalajara,2004,345256
ES425,Toledo,2004,345255
ES43,Extremadura,2004,344760
ES431,Badajoz,2004,344574
ES432,Cáceres,2004,344486
ES5,Este,2004,346432
ES51,Cataluña,2004,348599
ES511,Barcelona,2004,350799
ES512,Girona,2004,352970
ES513,Lleida,2004,354914
ES514,Tarragona,2004,357319
ES52,Comunitat Valenciana,2004,359711
ES521,Alicante/Alacant,2004,362944
ES522,Castellón/Castelló,2004,365059
ES523,Valencia/València,2004,366339
ES53,Illes Balears,2004,369270
ES531,Eivissa y Formentera,2004,370939
ES532,Mallorca,2004,371583
ES533,Menorca,2004,371632
ES6,Sur,2004,373553
ES61,Andalucía,2004,374435
ES611,Almería,2004,374743
ES612,Cádiz,2004,374351
ES613,Córdoba,2004,374799
ES614,Granada,2004,374878
ES615,Huelva,2004,374481
ES616,Jaén,2004,374587
ES617,Málaga,2004,375415
ES618,Sevilla,2004,375016
ES62,Región de Murcia,2004,374890
ES620,Murcia,2004,379963
ES63,Ciudad de Ceuta,2004,381861
ES630,Ceuta,2004,384083
ES64,Ciudad de Melilla,2004,386099
ES640,Melilla,2004,388170
ES7,Canarias,2004,391878
ES70,Canarias,2004,393845
ES703,El Hierro,2004,395846
ES704,Fuerteventura,2004,397941
ES705,Gran Canaria,2004,399002
ES706,La Gomera,2004,401443
ES707,La Palma,2004,403958
ES708,Lanzarote,2004,406832
ES709,Tenerife,2004,409731
ES113,Ourense,2005,4497735
ES114,Pontevedra,2005,4295406
ES12,Principado de Asturias,2005,4305494
ES120,Asturias,2005,4305384
ES13,Cantabria,2005,4305725
ES130,Cantabria,2005,4310861
ES2,Noreste,2005,4312487
ES21,País Vasco,2005,4313530
ES211,Araba/Álava,2005,4311967
ES212,Gipuzkoa,2005,4309796
ES213,Bizkaia,2005,4302847
ES22,Comunidad Foral de Navarra,2005,4289857
ES220,Navarra,2005,4275984
ES23,La Rioja,2005,4247803
ES230,La Rioja,2005,4217632
ES24,Aragón,2005,4180915
ES241,Huesca,2005,4131115
ES242,Teruel,2005,4078769
ES243,Zaragoza,2005,4014341
ES3,Comunidad de Madrid,2005,3968676
ES30,Comunidad de Madrid,2005,3933511
ES300,Madrid,2005,3893026
ES4,Centro (ES),2005,3862305
ES41,Castilla y León,2005,3850894
ES411,Ávila,2005,3861967
ES52,Comunitat Valenciana,2005,1205694
ES521,Alicante/Alacant,2005,1190565
ES522,Castellón/Castelló,2005,1172508
ES523,Valencia/València,2005,1149380
ES53,Illes Balears,2005,1123545
ES531,Eivissa y Formentera,2005,1090451
ES532,Mallorca,2005,1066800
ES533,Menorca,2005,1046438
ES6,Sur,2005,1030173
ES61,Andalucía,2005,1013572
ES611,Almería,2005,999106
ES612,Cádiz,2005,990636
ES,Spain,2009,527968
ES1,Noroeste,2009,524513
ES21,País Vasco,2009,1383497
ES211,Araba/Álava,2009,1380387
ES212,Gipuzkoa,2009,1373194
ES213,Bizkaia,2009,1367064
ES22,Comunidad Foral de Navarra,2009,1360214
ES220,Navarra,2009,1354938
ES23,La Rioja,2009,1347294
ES230,La Rioja,2009,1342231
ES24,Aragón,2009,1334506
ES241,Huesca,2009,1325527
ES242,Teruel,2009,1318214
ES243,Zaragoza,2009,1308470
ES3,Comunidad de Madrid,2009,1296278
ES30,Comunidad de Madrid,2009,1287203
ES300,Madrid,2009,1276680
ES4,Centro (ES),2009,1266904
ES41,Castilla y León,2009,1257756
ES411,Ávila,2009,1246137
ES412,Burgos,2009,1237501
ES413,León,2009,1230022
ES414,Palencia,2009,1223386
ES415,Salamanca,2009,1214723
ES416,Segovia,2009,1206377
ES417,Soria,2009,1200150
ES418,Valladolid,2009,1191955
ES51,Cataluña,2009,547954
ES511,Barcelona,2009,545989
ES512,Girona,2009,544116
ES513,Lleida,2009,541584
ES514,Tarragona,2009,540499
ES52,Comunitat Valenciana,2009,537862
ES521,Alicante/Alacant,2009,536290
ES522,Castellón/Castelló,2009,533710
ES523,Valencia/València,2009,530379
ES53,Illes Balears,2009,528418
ES531,Eivissa y Formentera,2009,524841
ES532,Mallorca,2009,521852
ES533,Menorca,2009,519514
ES6,Sur,2009,516084
ES61,Andalucía,2009,512470
ES611,Almería,2009,509935
ES612,Cádiz,2009,506266
ES613,Córdoba,2009,503788
ES614,Granada,2009,501836
ES615,Huelva,2009,500040
ES616,Jaén,2009,497956
ES617,Málaga,2009,495675
ES618,Sevilla,2009,494563
ES62,Región de Murcia,2009,491632
ES707,La Palma,2009,401919
ES708,Lanzarote,2009,399061
ES709,Tenerife,2009,396131
ES220,Navarra,2000,1260940
ES23,La Rioja,2000,1264513
ES230,La Rioja,2000,1281345
ES24,Aragón,2000,1308370
ES241,Huesca,2000,1331306
ES242,Teruel,2000,1349622
ES243,Zaragoza,2000,1363247
ES3,Comunidad de Madrid,2000,1391087
ES30,Comunidad de Madrid,2000,1413738
ES300,Madrid,2000,1432367
ES4,Centro (ES),2000,1461005
ES41,Castilla y León,2000,1499179
ES411,Ávila,2000,1519751
ES514,Tarragona,2000,662842
ES52,Comunitat Valenciana,2000,665985
ES521,Alicante/Alacant,2000,669980
ES522,Castellón/Castelló,2000,677297
ES523,Valencia/València,2000,687592
ES53,Illes Balears,2000,702813
ES531,Eivissa y Formentera,2000,715088
ES532,Mallorca,2000,728419
ES533,Menorca,2000,743753
ES6,Sur,2000,752913
ES61,Andalucía,2000,767897
ES611,Almería,2000,776202
ES612,Cádiz,2000,782429
ES,Spain,2006,537626
ES1,Noroeste,2006,542295
ES11,Galicia,2006,549758
ES111,A Coruña,2006,557525
ES112,Lugo,2006,563302
ES113,Ourense,2006,567881
ES114,Pontevedra,2006,573108
ES12,Principado de Asturias,2006,579168
ES120,Asturias,2006,583725
ES13,Cantabria,2006,587914
ES130,Cantabria,2006,591451
ES2,Noreste,2006,594725
ES21,País Vasco,2006,596740
ES211,Araba/Álava,2006,597842
ES212,Gipuzkoa,2006,597433
ES213,Bizkaia,2006,597927
ES22,Comunidad Foral de Navarra,2006,597486
ES220,Navarra,2006,597807
ES23,La Rioja,2006,597642
ES230,La Rioja,2006,596456
ES24,Aragón,2006,594941
ES241,Huesca,2006,597117
ES242,Teruel,2006,597949
ES243,Zaragoza,2006,293260
ES3,Comunidad de Madrid,2006,294646
ES30,Comunidad de Madrid,2006,296136
ES416,Segovia,2006,309709
ES417,Soria,2006,309859
ES418,Valladolid,2006,312579
ES419,Zamora,2006,316184
ES42,Castilla-La Mancha,2006,319609
ES421,Albacete,2006,322357
ES422,Ciudad Real,2006,324413
ES423,Cuenca,2006,328230
ES424,Guadalajara,2006,331738
ES425,Toledo,2006,333654
ES43,Extremadura,2006,335414
ES431,Badajoz,2006,336322
ES432,Cáceres,2006,337545
ES5,Este,2006,337883
ES51,Cataluña,2006,337162
ES511,Barcelona,2006,335812
ES512,Girona,2006,335744
ES513,Lleida,2006,335588
ES514,Tarragona,2006,335554
ES52,Comunitat Valenciana,2006,334961
ES521,Alicante/Alacant,2006,333569
ES522,Castellón/Castelló,2006,332457
ES523,Valencia/València,2006,332775
ES53,Illes Balears,2006,333270
ES531,Eivissa y Formentera,2006,175851
ES532,Mallorca,2006,175873
ES533,Menorca,2006,176442
ES617,Málaga,2006,176895
ES618,Sevilla,2006,176671
ES62,Región de Murcia,2006,177182
ES620,Murcia,2006,178036
ES63,Ciudad de Ceuta,2006,178755
ES630,Ceuta,2006,179447
ES64,Ciudad de Melilla,2006,180058
ES640,Melilla,2006,180791
ES7,Canarias,2006,181277
ES70,Canarias,2006,181620
ES703,El Hierro,2006,181789
ES704,Fuerteventura,2006,181848
ES705,Gran Canaria,2006,181974
ES706,La Gomera,2006,182348
ES707,La Palma,2006,181859
ES708,Lanzarote,2006,181469
ES709,Tenerife,2006,181083
ES,Spain,2007,129749
ES1,Noroeste,2007,129312
ES11,Galicia,2007,128815
ES111,A Coruña,2007,128402
ES112,Lugo,2007,127958
ES113,Ourense,2007,128551
ES114,Pontevedra,2007,127857
ES12,Principado de Asturias,2007,127062
ES120,Asturias,2007,126324
ES13,Cantabria,2007,125430
ES130,Cantabria,2007,122559
ES2,Noreste,2007,121097
ES41,Castilla y León,2007,460277
ES411,Ávila,2007,462602
ES412,Burgos,2007,465358
ES413,León,2007,468012
ES414,Palencia,2007,470188
ES415,Salamanca,2007,472539
ES416,Segovia,2007,477508
ES417,Soria,2007,481280
ES418,Valladolid,2007,483032
ES419,Zamora,2007,485100
ES42,Castilla-La Mancha,2007,486257
ES421,Albacete,2007,487737
ES422,Ciudad Real,2007,488789
ES423,Cuenca,2007,488917
ES424,Guadalajara,2007,488904
ES425,Toledo,2007,488453
ES43,Extremadura,2007,487509
ES431,Badajoz,2007,486689
ES432,Cáceres,2007,484407
ES5,Este,2007,476357
ES51,Cataluña,2007,476516
ES511,Barcelona,2007,474739
ES512,Girona,2007,473493
ES611,Almería,2007,220766
ES612,Cádiz,2007,220145
ES613,Córdoba,2007,219667
ES614,Granada,2007,219181
ES615,Huelva,2007,218534
ES616,Jaén,2007,217986
ES617,Málaga,2007,217945
ES618,Sevilla,2007,217771
ES62,Región de Murcia,2007,217209
ES620,Murcia,2007,216694
ES63,Ciudad de Ceuta,2007,216019
ES630,Ceuta,2007,215083
ES64,Ciudad de Melilla,2007,214391
ES640,Melilla,2007,213365
ES7,Canarias,2007,211644
ES70,Canarias,2007,210532
ES703,El Hierro,2007,209100
ES704,Fuerteventura,2007,207108
ES705,Gran Canaria,2007,205205
ES706,La Gomera,2007,201517
ES707,La Palma,2007,200376
ES708,Lanzarote,2007,198520
ES709,Tenerife,2007,197090
ES230,La Rioja,2010,1417821
ES24,Aragón,2010,1403932
ES241,Huesca,2010,1412322
ES242,Teruel,2010,1422465
ES243,Zaragoza,2010,1431245
ES3,Comunidad de Madrid,2010,1441452
ES30,Comunidad de Madrid,2010,1454720
ES300,Madrid,2010,1461412
ES4,Centro (ES),2010,1470993
ES41,Castilla y León,2010,1488475
ES422,Ciudad Real,2010,371866
ES423,Cuenca,2010,374920
ES424,Guadalajara,2010,377235
ES425,Toledo,2010,378348
ES43,Extremadura,2010,379028
ES431,Badajoz,2010,379978
ES432,Cáceres,2010,380186
ES5,Este,2010,380497
ES51,Cataluña,2010,380585
ES511,Barcelona,2010,380984
ES512,Girona,2010,381409
ES513,Lleida,2010,381530
ES514,Tarragona,2010,381407
ES52,Comunitat Valenciana,2010,381077
ES521,Alicante/Alacant,2010,380621
ES522,Castellón/Castelló,2010,380726
ES523,Valencia/València,2010,381252
ES53,Illes Balears,2010,381568
ES531,Eivissa y Formentera,2010,382304
ES532,Mallorca,2010,383032
ES533,Menorca,2010,383488
ES6,Sur,2010,385400
ES61,Andalucía,2010,386767
ES611,Almería,2010,391124
ES612,Cádiz,2010,391634
ES70,Canarias,2010,108238
ES703,El Hierro,2010,107885
ES704,Fuerteventura,2010,107849
ES705,Gran Canaria,2010,107664
ES706,La Gomera,2010,107606
ES707,La Palma,2010,107337
ES708,Lanzarote,2010,107191
ES709,Tenerife,2010,106827
ES11,Galicia,2017,678852
ES111,A Coruña,2017,685685
ES112,Lugo,2017,692205
ES113,Ourense,2017,697974
ES114,Pontevedra,2017,703658
ES12,Principado de Asturias,2017,709343
ES120,Asturias,2017,714491
ES13,Cantabria,2017,719531
ES130,Cantabria,2017,722955
ES2,Noreste,2017,726627
ES21,País Vasco,2017,730725
ES211,Araba/Álava,2017,735966
ES212,Gipuzkoa,2017,745152
ES213,Bizkaia,2017,753376
ES419,Zamora,2017,396396
ES42,Castilla-La Mancha,2017,399866
ES421,Albacete,2017,403080
ES422,Ciudad Real,2017,405749
ES423,Cuenca,2017,408014
ES424,Guadalajara,2017,410857
ES425,Toledo,2017,413702
ES43,Extremadura,2017,415777
ES431,Badajoz,2017,417711
ES432,Cáceres,2017,419396
ES5,Este,2017,421882
ES51,Cataluña,2017,424832
ES511,Barcelona,2017,429101
ES620,Murcia,2017,282456
ES63,Ciudad de Ceuta,2017,285819
ES630,Ceuta,2017,289125
ES64,Ciudad de Melilla,2017,292225
ES640,Melilla,2017,295644
ES7,Canarias,2017,298486
ES70,Canarias,2017,300789
ES703,El Hierro,2017,303754
ES704,Fuerteventura,2017,305244
ES705,Gran Canaria,2017,307231
ES706,La Gomera,2017,308843
ES707,La Palma,2017,311134
ES708,Lanzarote,2017,316051
ES709,Tenerife,2017,319851
ES1,Noroeste,2012,186397
ES11,Galicia,2012,186638
ES111,A Coruña,2012,186692
ES112,Lugo,2012,186925
ES113,Ourense,2012,186792
ES114,Pontevedra,2012,186733
ES12,Principado de Asturias,2012,186547
ES120,Asturias,2012,186455
ES13,Cantabria,2012,186327
ES130,Cantabria,2012,185908
ES2,Noreste,2012,185570
ES21,País Vasco,2012,176329
ES211,Araba/Álava,2012,175188
ES212,Gipuzkoa,2012,174147
ES213,Bizkaia,2012,172985
ES418,Valladolid,2012,368130
ES419,Zamora,2012,367203
ES42,Castilla-La Mancha,2012,366058
ES421,Albacete,2012,364610
ES422,Ciudad Real,2012,362877
ES423,Cuenca,2012,361093
ES424,Guadalajara,2012,359506
ES425,Toledo,2012,358028
ES43,Extremadura,2012,356839
ES431,Badajoz,2012,354937
ES432,Cáceres,2012,352743
ES5,Este,2012,334791
ES51,Cataluña,2012,331420
ES511,Barcelona,2012,328550
ES512,Girona,2012,325647
ES513,Lleida,2012,1421823
ES514,Tarragona,2012,1415554
ES52,Comunitat Valenciana,2012,1423317
ES521,Alicante/Alacant,2012,1436597
ES522,Castellón/Castelló,2012,1442512
ES523,Valencia/València,2012,1449121
ES53,Illes Balears,2012,1452423
ES531,Eivissa y Formentera,2012,1456724
ES532,Mallorca,2012,1460432
ES533,Menorca,2012,1463520
ES6,Sur,2012,1424772
ES61,Andalucía,2012,1427508
ES611,Almería,2012,1428469
ES612,Cádiz,2012,1428449
ES613,Córdoba,2012,1428885
ES614,Granada,2012,1428714
ES615,Huelva,2012,1428601
ES616,Jaén,2012,1426883
ES617,Málaga,2012,1426155
ES618,Sevilla,2012,1427073
ES62,Región de Murcia,2012,1428496
ES620,Murcia,2012,1428620
ES63,Ciudad de Ceuta,2012,1427162
ES630,Ceuta,2012,1425897
ES64,Ciudad de Melilla,2012,1421264
ES640,Melilla,2012,1418541
ES7,Canarias,2012,1414734
ES70,Canarias,2012,1410641
ES703,El Hierro,2012,1408415
ES704,Fuerteventura,2012,1404441
ES705,Gran Canaria,2012,1399038
ES706,La Gomera,2012,1322861
ES707,La Palma,2012,1311843
ES708,Lanzarote,2012,1303380
ES709,Tenerife,2012,1294712
ES,Spain,2013,451679
ES1,Noroeste,2013,453300
ES11,Galicia,2013,456113
ES111,A Coruña,2013,459597
ES112,Lugo,2013,465610
ES113,Ourense,2013,469892
ES114,Pontevedra,2013,469983
ES12,Principado de Asturias,2013,478618
ES120,Asturias,2013,484122
ES2,Noreste,2013,2274230
ES21,País Vasco,2013,2272444
ES211,Araba/Álava,2013,2275572
ES212,Gipuzkoa,2013,2282411
ES213,Bizkaia,2013,2289462
ES22,Comunidad Foral de Navarra,2013,2297278
ES220,Navarra,2013,2306952
ES23,La Rioja,2013,2316874
ES230,La Rioja,2013,2328686
ES24,Aragón,2013,2344671
ES241,Huesca,2013,2351652
ES242,Teruel,2013,2355304
ES243,Zaragoza,2013,2354349
ES3,Comunidad de Madrid,2013,2352891
ES30,Comunidad de Madrid,2013,2350150
ES300,Madrid,2013,2348308
ES4,Centro (ES),2013,2345981
ES41,Castilla y León,2013,2341807
ES411,Ávila,2013,2337787
ES412,Burgos,2013,2331642
ES413,León,2013,2329587
ES414,Palencia,2013,2310828
ES415,Salamanca,2013,2290675
ES416,Segovia,2013,2272517
ES417,Soria,2013,2259588
ES418,Valladolid,2013,2246203
ES419,Zamora,2013,2235005
ES42,Castilla-La Mancha,2013,2226188
ES421,Albacete,2013,2229958
ES422,Ciudad Real,2013,2239686
ES423,Cuenca,2013,2252648
ES424,Guadalajara,2013,2264956
ES432,Cáceres,2013,317688
ES5,Este,2013,318499
ES51,Cataluña,2013,319790
ES511,Barcelona,2013,321538
ES512,Girona,2013,323612
ES513,Lleida,2013,325796
ES514,Tarragona,2013,328430
ES52,Comunitat Valenciana,2013,331146
ES521,Alicante/Alacant,2013,334181
ES522,Castellón/Castelló,2013,338059
ES523,Valencia/València,2013,341589
ES53,Illes Balears,2013,344861
ES531,Eivissa y Formentera,2013,347515
ES532,Mallorca,2013,349982
ES533,Menorca,2013,352256
ES6,Sur,2013,354794
ES61,Andalucía,2013,357181
ES611,Almería,2013,359265
ES612,Cádiz,2013,361380
ES613,Córdoba,2013,363065
ES614,Granada,2013,365082
ES615,Huelva,2013,363310
ES616,Jaén,2013,361124
ES617,Málaga,2013,359510
ES618,Sevilla,2013,358812
ES62,Región de Murcia,2013,358021
ES620,Murcia,2013,357612
ES63,Ciudad de Ceuta,2013,357599
ES630,Ceuta,2013,359888
ES64,Ciudad de Melilla,2013,365752
ES640,Melilla,2013,372365
ES7,Canarias,2013,379085
ES705,Gran Canaria,2013,336273
ES706,La Gomera,2013,337904
ES707,La Palma,2013,340470
ES708,Lanzarote,2013,343569
ES709,Tenerife,2013,346631
ES,Spain,2014,3224213
ES1,Noroeste,2014,3226814
ES12,Principado de Asturias,2014,743176
ES120,Asturias,2014,745567
ES13,Cantabria,2014,745443
ES130,Cantabria,2014,747645
ES2,Noreste,2014,750747
ES21,País Vasco,2014,751916
ES211,Araba/Álava,2014,753533
ES212,Gipuzkoa,2014,727354
ES213,Bizkaia,2014,725932
ES22,Comunidad Foral de Navarra,2014,723892
ES220,Navarra,2014,723787
ES23,La Rioja,2014,722889
ES230,La Rioja,2014,721848
ES24,Aragón,2014,719655
ES241,Huesca,2014,718165
ES242,Teruel,2014,716260
ES243,Zaragoza,2014,713791
ES3,Comunidad de Madrid,2014,614316
ES30,Comunidad de Madrid,2014,609948
ES300,Madrid,2014,606589
ES4,Centro (ES),2014,604158
ES41,Castilla y León,2014,600549
ES411,Ávila,2014,595526
ES412,Burgos,2014,591053
ES413,León,2014,585146
ES414,Palencia,2014,581442
ES415,Salamanca,2014,575580
ES416,Segovia,2014,599415
ES417,Soria,2014,597583
ES418,Valladolid,2014,595888
ES424,Guadalajara,2014,462017
ES425,Toledo,2014,463019
ES43,Extremadura,2014,461106
ES431,Badajoz,2014,460973
ES432,Cáceres,2014,462128
ES5,Este,2014,463325
ES51,Cataluña,2014,464354
ES511,Barcelona,2014,462924
ES512,Girona,2014,461232
ES513,Lleida,2014,459805
ES514,Tarragona,2014,460507
ES52,Comunitat Valenciana,2014,460044
ES521,Alicante/Alacant,2014,457693
ES522,Castellón/Castelló,2014,453958
ES523,Valencia/València,2014,451193
ES53,Illes Balears,2014,448749
ES531,Eivissa y Formentera,2014,446456
ES532,Mallorca,2014,410706
ES533,Menorca,2014,406330
ES6,Sur,2014,403088
ES61,Andalucía,2014,399259
ES611,Almería,2014,394625
ES612,Cádiz,2014,390334
ES613,Córdoba,2014,385268
ES614,Granada,2014,379622
ES615,Huelva,2014,376562
ES616,Jaén,2014,371805
ES617,Málaga,2014,391095
ES618,Sevilla,2014,389513
ES62,Región de Murcia,2014,389748
ES7,Canarias,2014,817743
ES70,Canarias,2014,822720
ES703,El Hierro,2014,823268
ES704,Fuerteventura,2014,826307
ES705,Gran Canaria,2014,831282
ES706,La Gomera,2014,836255
ES707,La Palma,2014,840929
ES708,Lanzarote,2014,804812
ES709,Tenerife,2014,814978
ES,Spain,2016,1777510
ES1,Noroeste,2016,1786781
ES11,Galicia,2016,1796314
ES111,A Coruña,2016,1805683
ES112,Lugo,2016,1814323
ES113,Ourense,2016,1827143
ES114,Pontevedra,2016,1838691
ES12,Principado de Asturias,2016,1851702
ES120,Asturias,2016,1866283
ES13,Cantabria,2016,1879781
ES130,Cantabria,2016,1892328
ES2,Noreste,2016,1904563
ES21,País Vasco,2016,1921924
ES211,Araba/Álava,2016,1942677
ES212,Gipuzkoa,2016,1963466
ES213,Bizkaia,2016,1992116
ES22,Comunidad Foral de Navarra,2016,2015607
ES220,Navarra,2016,2039166
ES23,La Rioja,2016,2059729
ES230,La Rioja,2016,2071191
ES24,Aragón,2016,2085102
ES241,Huesca,2016,2101461
ES242,Teruel,2016,2110762
ES415,Salamanca,2016,273537
ES416,Segovia,2016,275004
ES417,Soria,2016,276653
ES418,Valladolid,2016,278551
ES419,Zamora,2016,281322
ES42,Castilla-La Mancha,2016,283788
ES421,Albacete,2016,285868
ES422,Ciudad Real,2016,288859
ES423,Cuenca,2016,291393
ES424,Guadalajara,2016,293572
ES425,Toledo,2016,296825
ES43,Extremadura,2016,299484
ES431,Badajoz,2016,301724
ES432,Cáceres,2016,304116
ES5,Este,2016,306840
ES51,Cataluña,2016,310665
ES511,Barcelona,2016,314784
ES512,Girona,2016,320333
ES513,Lleida,2016,324825
ES514,Tarragona,2016,329352
ES52,Comunitat Valenciana,2016,333848
ES521,Alicante/Alacant,2016,336748
ES522,Castellón/Castelló,2016,340243
ES523,Valencia/València,2016,342805
ES53,Illes Balears,2016,343746
ES616,Jaén,2016,1488709
ES617,Málaga,2016,1494641
ES618,Sevilla,2016,1500857
ES62,Región de Murcia,2016,1508230
ES620,Murcia,2016,1514992
ES63,Ciudad de Ceuta,2016,1521895
ES630,Ceuta,2016,1528455
ES64,Ciudad de Melilla,2016,1538284
ES640,Melilla,2016,1547298
ES7,Canarias,2016,1558130
ES70,Canarias,2016,1569458
ES703,El Hierro,2016,1580297
ES704,Fuerteventura,2016,1590604
ES705,Gran Canaria,2016,1600447
ES706,La Gomera,2016,1615084
ES707,La Palma,2016,1632012
ES708,Lanzarote,2016,1648682
ES709,Tenerife,2016,1671783
ES113,Ourense,2015,1355514
ES114,Pontevedra,2015,1354679
ES12,Principado de Asturias,2015,1353777
ES120,Asturias,2015,1353025
ES13,Cantabria,2015,1352279
ES130,Cantabria,2015,1352313
ES2,Noreste,2015,1351651
ES21,País Vasco,2015,1350943
ES211,Araba/Álava,2015,1350263
ES212,Gipuzkoa,2015,1349903
ES213,Bizkaia,2015,1350286
ES22,Comunidad Foral de Navarra,2015,1349286
ES220,Navarra,2015,1349729
ES23,La Rioja,2015,1348611
ES230,La Rioja,2015,1347233
ES24,Aragón,2015,1345808
ES241,Huesca,2015,1343458
ES242,Teruel,2015,1342287
ES243,Zaragoza,2015,1340811
ES3,Comunidad de Madrid,2015,1339242
ES30,Comunidad de Madrid,2015,1336785
ES300,Madrid,2015,1334238
ES4,Centro (ES),2015,1310511
ES41,Castilla y León,2015,1305883
ES411,Ávila,2015,1301530
ES424,Guadalajara,2015,692434
ES425,Toledo,2015,691999
ES43,Extremadura,2015,691452
ES431,Badajoz,2015,691101
ES432,Cáceres,2015,690700
ES5,Este,2015,690178
ES51,Cataluña,2015,689521
ES511,Barcelona,2015,689096
ES512,Girona,2015,689098
ES513,Lleida,2015,688295
ES514,Tarragona,2015,689601
ES52,Comunitat Valenciana,2015,690121
ES521,Alicante/Alacant,2015,690420
ES522,Castellón/Castelló,2015,690449
ES523,Valencia/València,2015,690434
ES53,Illes Balears,2015,690778
ES531,Eivissa y Formentera,2015,691023
ES532,Mallorca,2015,691368
ES533,Menorca,2015,691509
ES6,Sur,2015,691136
ES61,Andalucía,2015,689525
ES611,Almería,2015,688106
ES612,Cádiz,2015,687174
ES7,Canarias,2015,661343
ES70,Canarias,2015,661026
ES703,El Hierro,2015,660827
ES704,Fuerteventura,2015,661212
ES705,Gran Canaria,2015,660951
ES706,La Gomera,2015,660765
ES707,La Palma,2015,660742
ES708,Lanzarote,2015,660807
ES709,Tenerife,2015,661188
ES,Spain,2023,993442
ES1,Noroeste,2023,1005687
ES11,Galicia,2023,1018735
ES111,A Coruña,2023,1027782
ES112,Lugo,2023,1037208
ES113,Ourense,2023,1040915
ES114,Pontevedra,2023,1051056
ES12,Principado de Asturias,2023,1056332
ES120,Asturias,2023,1059082
ES24,Aragón,2023,666338
ES241,Huesca,2023,680578
ES242,Teruel,2023,694173
ES243,Zaragoza,2023,707757
ES3,Comunidad de Madrid,2023,721880
ES30,Comunidad de Madrid,2023,736412
ES300,Madrid,2023,751286
ES4,Centro (ES),2023,766156
ES41,Castilla y León,2023,791424
ES411,Ávila,2023,802381
ES412,Burgos,2023,817503
ES413,León,2023,838324
ES414,Palencia,2023,851145
ES415,Salamanca,2023,866665
ES416,Segovia,2023,894509
ES417,Soria,2023,908877
ES418,Valladolid,2023,923773
ES419,Zamora,2023,938751
ES42,Castilla-La Mancha,2023,967487
ES421,Albacete,2023,983142
ES422,Ciudad Real,2023,1000773
ES423,Cuenca,2023,1021141
ES424,Guadalajara,2023,1048185
ES425,Toledo,2023,1066736
ES522,Castellón/Castelló,2023,2915524
ES523,Valencia/València,2023,2923047
ES53,Illes Balears,2023,2926420
ES531,Eivissa y Formentera,2023,2928439
ES532,Mallorca,2023,2931223
ES533,Menorca,2023,2934465
ES6,Sur,2023,2937688
ES61,Andalucía,2023,2939517
ES611,Almería,2023,2914110
ES612,Cádiz,2023,2940947
ES613,Córdoba,2023,3005558
ES614,Granada,2023,2942695
ES615,Huelva,2023,2965800
ES616,Jaén,2023,2985153
ES617,Málaga,2023,2995289
ES618,Sevilla,2023,3013892
ES62,Región de Murcia,2023,3043846
ES620,Murcia,2023,3065961
ES63,Ciudad de Ceuta,2023,3100666
ES630,Ceuta,2023,3119860
ES64,Ciudad de Melilla,2023,3133649
ES640,Melilla,2023,3152628
ES7,Canarias,2023,3171989
ES70,Canarias,2023,3179735
ES,Spain,2024,2690038
ES1,Noroeste,2024,2733265
ES211,Araba/Álava,2024,2427183
ES212,Gipuzkoa,2024,2438955
ES213,Bizkaia,2024,2447403
ES22,Comunidad Foral de Navarra,2024,2454855
ES220,Navarra,2024,2463105
ES23,La Rioja,2024,2471872
ES230,La Rioja,2024,2480771
ES24,Aragón,2024,2488652
ES241,Huesca,2024,2507387
ES242,Teruel,2024,2526619
ES243,Zaragoza,2024,2516167
ES3,Comunidad de Madrid,2024,2513021
ES30,Comunidad de Madrid,2024,2545274
ES300,Madrid,2024,2553647
ES4,Centro (ES),2024,2566840
ES41,Castilla y León,2024,2572850
ES411,Ávila,2024,2645584
ES412,Burgos,2024,2633417
ES413,León,2024,2719113
ES414,Palencia,2024,2690180
ES415,Salamanca,2024,2677584
ES416,Segovia,2024,2693034
ES417,Soria,2024,2690038
ES418,Valladolid,2024,2733265
ES51,Cataluña,2024,721704
ES511,Barcelona,2024,725281
ES512,Girona,2024,727873
ES513,Lleida,2024,730172
ES514,Tarragona,2024,732708
ES52,Comunitat Valenciana,2024,735401
ES521,Alicante/Alacant,2024,738135
ES522,Castellón/Castelló,2024,740569
ES523,Valencia/València,2024,748982
ES53,Illes Balears,2024,765127
ES531,Eivissa y Formentera,2024,763714
ES532,Mallorca,2024,757353
ES533,Menorca,2024,757898
ES6,Sur,2024,758237
ES61,Andalucía,2024,766782
ES611,Almería,2024,768417
ES612,Cádiz,2024,779379
ES613,Córdoba,2024,786326
ES614,Granada,2024,807903
ES615,Huelva,2024,808974
ES616,Jaén,2024,811901
ES617,Málaga,2024,816684
ES618,Sevilla,2024,818023
ES62,Región de Murcia,2024,824352
ES707,La Palma,2024,686141
ES708,Lanzarote,2024,691047
ES709,Tenerife,2024,695053
ES,Spain,2018,264679
ES1,Noroeste,2018,265145
ES11,Galicia,2018,265265
ES111,A Coruña,2018,265465
ES13,Cantabria,2018,2544100
ES130,Cantabria,2018,2549700
ES2,Noreste,2018,2552400
ES21,País Vasco,2018,2551097
ES211,Araba/Álava,2018,2548336
ES212,Gipuzkoa,2018,2542920
ES213,Bizkaia,2018,2535770
ES22,Comunidad Foral de Navarra,2018,2526639
ES220,Navarra,2018,2521919
ES23,La Rioja,2018,2518702
ES230,La Rioja,2018,2515914
ES24,Aragón,2018,2516218
ES241,Huesca,2018,2519852
ES242,Teruel,2018,2531076
ES243,Zaragoza,2018,2544360
ES3,Comunidad de Madrid,2018,2557067
ES30,Comunidad de Madrid,2018,2573330
ES300,Madrid,2018,2590604
ES4,Centro (ES),2018,2609479
ES41,Castilla y León,2018,2630100
ES411,Ávila,2018,2651011
ES412,Burgos,2018,2673791
ES413,León,2018,2693358
ES414,Palencia,2018,2707445
ES415,Salamanca,2018,2721819
ES416,Segovia,2018,2741974
ES417,Soria,2018,2767348
ES418,Valladolid,2018,2789735
ES419,Zamora,2018,2808080
ES42,Castilla-La Mancha,2018,2822003
ES523,Valencia/València,2018,425593
ES53,Illes Balears,2018,432505
ES531,Eivissa y Formentera,2018,440857
ES532,Mallorca,2018,450353
ES533,Menorca,2018,459763
ES6,Sur,2018,467163
ES61,Andalucía,2018,473993
ES611,Almería,2018,480622
ES612,Cádiz,2018,488209
ES613,Córdoba,2018,497777
ES614,Granada,2018,506702
ES615,Huelva,2018,512092
ES616,Jaén,2018,516265
ES617,Málaga,2018,524322
ES618,Sevilla,2018,535562
ES62,Región de Murcia,2018,543394
ES620,Murcia,2018,549785
ES63,Ciudad de Ceuta,2018,553230
ES11,Galicia,2019,249100
ES111,A Coruña,2019,249300
ES112,Lugo,2019,249100
ES113,Ourense,2019,248696
ES114,Pontevedra,2019,248991
ES12,Principado de Asturias,2019,249368
ES120,Asturias,2019,249120
ES13,Cantabria,2019,248168
ES130,Cantabria,2019,246329
ES2,Noreste,2019,244714
ES21,País Vasco,2019,243060
ES211,Araba/Álava,2019,241206
ES212,Gipuzkoa,2019,240172
ES213,Bizkaia,2019,239979
ES22,Comunidad Foral de Navarra,2019,240546
ES220,Navarra,2019,241265
ES23,La Rioja,2019,242263
ES230,La Rioja,2019,243363
ES24,Aragón,2019,244584
ES241,Huesca,2019,245663
ES242,Teruel,2019,246617
ES243,Zaragoza,2019,248029
ES3,Comunidad de Madrid,2019,249252
ES30,Comunidad de Madrid,2019,249977
ES300,Madrid,2019,250576
ES4,Centro (ES),2019,251339
ES41,Castilla y León,2019,252692
ES411,Ávila,2019,254495
ES412,Burgos,2019,255553
ES413,León,2019,256127
ES419,Zamora,2019,787000
ES42,Castilla-La Mancha,2019,789700
ES421,Albacete,2019,792600
ES422,Ciudad Real,2019,794300
ES423,Cuenca,2019,795233
ES424,Guadalajara,2019,796154
ES425,Toledo,2019,796292
ES43,Extremadura,2019,798411
ES431,Badajoz,2019,802431
ES432,Cáceres,2019,803694
ES5,Este,2019,804078
ES51,Cataluña,2019,805824
ES511,Barcelona,2019,808725
ES512,Girona,2019,812747
ES513,Lleida,2019,816959
ES514,Tarragona,2019,820689
ES52,Comunitat Valenciana,2019,825057
ES521,Alicante/Alacant,2019,830266
ES522,Castellón/Castelló,2019,835669
ES523,Valencia/València,2019,839750
ES53,Illes Balears,2019,843308
ES531,Eivissa y Formentera,2019,847452
ES532,Mallorca,2019,850778
ES533,Menorca,2019,854473
ES6,Sur,2019,858358
ES61,Andalucía,2019,861000
ES611,Almería,2019,864262
ES612,Cádiz,2019,868577
ES613,Córdoba,2019,871101
ES614,Granada,2019,874190
ES620,Murcia,2019,2618400
ES63,Ciudad de Ceuta,2019,2618400
ES630,Ceuta,2019,2617200
ES64,Ciudad de Melilla,2019,2615422
ES640,Melilla,2019,2610517
ES7,Canarias,2019,2604696
ES70,Canarias,2019,2604785
ES703,El Hierro,2019,2598726
ES704,Fuerteventura,2019,2589044
ES705,Gran Canaria,2019,2584412
ES706,La Gomera,2019,2576802
ES707,La Palma,2019,2569708
ES708,Lanzarote,2019,2572170
ES709,Tenerife,2019,2580878
ES,Spain,2020,465991
ES1,Noroeste,2020,468342
ES11,Galicia,2020,469964
ES111,A Coruña,2020,471613
ES112,Lugo,2020,473980
ES113,Ourense,2020,476534
ES114,Pontevedra,2020,478158
ES12,Principado de Asturias,2020,478945
ES120,Asturias,2020,479474
ES13,Cantabria,2020,481149
ES130,Cantabria,2020,483830
ES2,Noreste,2020,487436
ES21,País Vasco,2020,491423
ES211,Araba/Álava,2020,494954
ES212,Gipuzkoa,2020,497600
ES213,Bizkaia,2020,500816
ES22,Comunidad Foral de Navarra,2020,504692
ES220,Navarra,2020,508777
ES23,La Rioja,2020,513250
ES230,La Rioja,2020,518187
ES24,Aragón,2020,524010
ES241,Huesca,2020,530094
ES242,Teruel,2020,534519
ES243,Zaragoza,2020,539043
ES3,Comunidad de Madrid,2020,543128
ES412,Burgos,2020,570000
ES413,León,2020,574900
ES414,Palencia,2020,578200
ES415,Salamanca,2020,578737
ES416,Segovia,2020,578470
ES417,Soria,2020,582831
ES418,Valladolid,2020,587134
ES419,Zamora,2020,591022
ES42,Castilla-La Mancha,2020,595290
ES421,Albacete,2020,600396
ES422,Ciudad Real,2020,605458
ES423,Cuenca,2020,607196
ES424,Guadalajara,2020,608403
ES425,Toledo,2020,612776
ES43,Extremadura,2020,618251
ES431,Badajoz,2020,624017
ES432,Cáceres,2020,629242
ES5,Este,2020,633015
ES51,Cataluña,2020,636958
ES511,Barcelona,2020,640964
ES512,Girona,2020,645921
ES513,Lleida,2020,651761
ES514,Tarragona,2020,657399
ES52,Comunitat Valenciana,2020,661995
ES521,Alicante/Alacant,2020,666689
ES522,Castellón/Castelló,2020,671491
ES523,Valencia/València,2020,676063
ES53,Illes Balears,2020,680498
ES531,Eivissa y Formentera,2020,683707
ES532,Mallorca,2020,687466
ES613,Córdoba,2020,2427000
ES614,Granada,2020,2436300
ES615,Huelva,2020,2445100
ES616,Jaén,2020,2449512
ES617,Málaga,2020,2455809
ES618,Sevilla,2020,2466810
ES62,Región de Murcia,2020,2477664
ES620,Murcia,2020,2491949
ES63,Ciudad de Ceuta,2020,2507523
ES630,Ceuta,2020,2527532
ES64,Ciudad de Melilla,2020,2545994
ES640,Melilla,2020,2553980
ES7,Canarias,2020,2560911
ES70,Canarias,2020,2569157
ES703,El Hierro,2020,2580452
ES704,Fuerteventura,2020,2595072
ES705,Gran Canaria,2020,2615748
ES706,La Gomera,2020,2640736
ES707,La Palma,2020,2665296
ES708,Lanzarote,2020,2686149
ES709,Tenerife,2020,2709001
ES,Spain,2021,26354
ES1,Noroeste,2021,26356
ES11,Galicia,2021,26503
ES111,A Coruña,2021,26747
ES112,Lugo,2021,26953
ES113,Ourense,2021,27096
ES114,Pontevedra,2021,27207
ES12,Principado de Asturias,2021,27310
ES120,Asturias,2021,27469
ES13,Cantabria,2021,27595
ES130,Cantabria,2021,27627
ES2,Noreste,2021,27480
ES21,País Vasco,2021,27324
ES211,Araba/Álava,2021,27158
ES212,Gipuzkoa,2021,26984
ES213,Bizkaia,2021,26919
ES22,Comunidad Foral de Navarra,2021,26816
ES220,Navarra,2021,26688
ES415,Salamanca,2021,19350
ES416,Segovia,2021,19252
ES417,Soria,2021,19243
ES418,Valladolid,2021,19394
ES419,Zamora,2021,19642
ES42,Castilla-La Mancha,2021,19901
ES421,Albacete,2021,20161
ES422,Ciudad Real,2021,20417
ES423,Cuenca,2021,20618
ES424,Guadalajara,2021,20803
ES425,Toledo,2021,21037
ES43,Extremadura,2021,21279
ES431,Badajoz,2021,21482
ES432,Cáceres,2021,21541
ES5,Este,2021,21568
ES51,Cataluña,2021,21624
ES511,Barcelona,2021,21765
ES512,Girona,2021,21929
ES513,Lleida,2021,21949
ES514,Tarragona,2021,22055
ES616,Jaén,2021,22345
ES617,Málaga,2021,22073
ES618,Sevilla,2021,21935
ES62,Región de Murcia,2021,21937
ES620,Murcia,2021,21981
ES63,Ciudad de Ceuta,2021,22129
ES630,Ceuta,2021,22190
ES64,Ciudad de Melilla,2021,22237
ES640,Melilla,2021,22375
ES7,Canarias,2021,22587
ES70,Canarias,2021,22884
ES703,El Hierro,2021,23109
ES704,Fuerteventura,2021,23226
ES705,Gran Canaria,2021,23204
ES706,La Gomera,2021,23210
ES707,La Palma,2021,23214
ES708,Lanzarote,2021,23203
ES709,Tenerife,2021,23133
